"","x","y"
"1",-6.97537129719422,7.9755710583413
"2",4.05209432155971,-1.18257604317478
"3",0.732662231603172,-6.26316709061939
"4",0.953554853331298,8.90044479125208
"5",2.71041413889179,9.93930757114867
"6",2.73621332507901,-7.98400756571937
"7",4.69119602410501,6.08436881226226
"8",2.62568525366078,9.55260552487744
"9",4.48652805676829,-7.73778902432241
"10",4.89053271372541,-3.56091395733529
"11",3.62683085149911,-6.99210743972799
"12",4.56155804226,-3.89998690523498
"13",-4.49357314322697,-3.03098428728845
"14",1.21355520874204,-6.51491327094845
"15",-1.57419620489236,-8.64444517526863
"16",5.40359469385294,-9.48242877959274
"17",7.09484840546793,9.71579994100466
"18",4.93585153264576,0.592555862895097
"19",9.29094887622341,4.06718188754894
"20",6.40163728196057,-1.63594408786594
"21",9.88806813114934,-1.95540561457165
"22",5.70564599223871,2.62241682772583
"23",0.863503193577344,7.37598706382414
"24",3.66264472144394,-4.01788528244651
"25",-1.03216850715398,-9.65908003610821
"26",5.29806957107212,7.22137494980416
"27",-0.58366948771436,5.06911731317814
"28",4.9891751420364,9.06318391073
"29",2.09874042826414,-2.79054649676254
"30",-0.416477754333755,-5.81944024503173
"31",-4.71446323099372,2.26314812545752
"32",7.94737112766597,-4.79431906380341
"33",-3.76435249883798,5.20062497129402
"34",7.86899468097545,3.71101971242751
"35",7.00292005181836,3.14420641498145
"36",0.642112641035055,-7.84919533321954
"37",0.309045729591162,-7.21886039726087
"38",2.40934107805515,8.67948843184422
"39",3.11393171148666,-7.079392775413
"40",-1.51193116562354,7.01701795991539
"41",5.15025251592306,-3.63316409682739
"42",2.57828384572349,-8.62547213739163
"43",3.21084499530116,-2.33180195114983
"44",7.03646905538335,-8.42063111464086
"45",4.24780065142841,-3.52710385181126
"46",-0.913155545240443,8.79175906273304
"47",5.14658661672001,-0.434868108277442
"48",-6.24364937324572,-4.48861433829734
"49",2.60535484165302,6.24030516759376
"50",6.21273127526365,5.48605698710162
"51",1.61681681380287,5.92159924748557
"52",1.73211752797215,0.375770037971961
"53",7.12224669383431,-9.26547644896345
"54",2.88266540974291,-8.53216818661167
"55",1.40839523079194,5.31886041906546
"56",5.41651902502053,-0.667709945300885
"57",3.43674187530269,-1.38955606576928
"58",8.20325655924535,-3.81168713069201
"59",-2.36247955708677,-9.33823050982028
"60",9.49336429068353,-3.19784910236194
"61",6.44634213265817,0.607775893440703
"62",-4.14199507176818,-4.83959265715384
"63",-1.43174432214437,-4.18277141328872
"64",-4.89000425350241,1.82913335611374
"65",4.65435127600358,-0.803458662121557
"66",9.98169186437735,9.22955867477867
"67",2.7955136682067,6.34153579008853
"68",-2.67324422366073,-9.88657191246602
"69",2.90185986694269,-6.90316669664753
"70",-6.77390339566045,4.39265443772456
"71",1.24420986023324,-6.03597371202341
"72",1.03120058247441,1.41616520733805
"73",-0.244792764242447,-7.09263114982605
"74",9.70974779989774,-0.820851615280844
"75",1.83574067261361,0.650530339407851
"76",2.90705950803385,5.74288410214649
"77",0.0542880352077191,9.68470478372183
"78",1.95162755586352,-6.90833228236443
"79",-1.44001846158062,-4.97602435792942
"80",8.16476791689638,-0.105037479806924
"81",-3.39606661487778,-7.47223166905314
"82",3.7971732211372,-1.82297245264635
"83",7.96460752389976,1.2776039723758
"84",-3.66390446622972,-5.52544686634064
"85",3.9105202130304,0.548243096018268
"86",4.10770287540799,-1.50933003835235
"87",4.10644379324367,-3.76604714707355
"88",9.47801428766979,-1.89758436252305
"89",4.42356525687501,9.75795341815683
"90",1.00308744629729,6.11117382650264
"91",6.06796200499957,7.73394369465677
"92",5.9965692186961,5.18281642478541
"93",1.583402221695,-8.43918983871845
"94",7.18343254444335,0.46620500543213
"95",5.26163174326939,-2.06487706785992
"96",7.52141796845535,-4.62761936989409
"97",8.01385739534453,-1.14088983780675
"98",5.29886178272136,4.10322591851582
"99",3.22300402374822,1.50185263406456
"100",2.47454935233691,-2.55202002394071
"101",-1.83170395401248,-6.95880830597162
"102",0.973813145064923,-6.19753530529124
"103",4.80604800326546,6.6704039997785
"104",7.70868520070508,-0.650536625180393
"105",5.04181902240816,-4.03036241597874
"106",6.97218416979013,-8.96227345070656
"107",2.54263691684173,-7.79519373802032
"108",9.02860980229889,0.983704958380258
"109",2.57916008857137,8.78720570959558
"110",6.83364143060317,-4.57008717054123
"111",-6.91184915685881,-4.75843857238942
"112",-7.82066181669506,1.83299390388129
"113",9.28112291763682,-4.61970117110468
"114",-2.59731937007018,4.55650184027036
"115",1.46856007871975,-5.31426256438863
"116",7.29868168134999,4.24084665410192
"117",4.51766385376686,-8.91269890857075
"118",-1.29450485343114,7.51612670705072
"119",9.51760677769926,-1.3380429083918
"120",-4.52912709395605,-3.92465342039941
"121",-0.570923614141066,5.63267478431953
"122",-1.35932771489024,-4.39948175924656
"123",9.04252699263452,-1.39130540796032
"124",-0.339805613075441,5.00571845896047
"125",4.05438609461271,-0.744859673395695
"126",2.50769012160163,-7.13614727224922
"127",0.294369594776072,-6.62032322328741
"128",0.323640572860313,0.0626818009914132
"129",1.63109494686069,-8.73603774056392
"130",4.26278418548463,-1.37962235530722
"131",1.66933014996175,-5.08415972501098
"132",1.88878075394314,4.18420963364042
"133",6.39228017844289,8.57718330229545
"134",-2.84093667742127,-4.80003052092798
"135",-8.4892029904222,-6.04096272250899
"136",4.39041149486002,-0.828334629804885
"137",0.88999896805035,-7.47904934025428
"138",4.42558954295237,-4.14678958226432
"139",6.7595687148787,-8.55478178626072
"140",-3.88764978466497,-3.22579725911055
"141",-3.83994627773063,-2.71314421366696
"142",9.010392069722,2.89026035752613
"143",8.25433560097736,-3.62864647733659
"144",0.325982983922586,-5.71161211508297
"145",0.707365861089784,4.46405420065275
"146",3.99989066881972,-5.42922850592731
"147",1.6742594664538,-3.37043778519728
"148",-0.526333247544244,9.88800211365742
"149",5.39914610759297,3.93758129386697
"150",1.7074115379728,-5.31618300970877
"151",3.33914645212644,9.66517687083979
"152",-7.4215128756623,2.30328639769141
"153",5.84996351200971,7.15308881593955
"154",9.10165729983419,7.0343930747913
"155",3.35528040945064,-6.76446937908622
"156",2.61888658220414,-2.10576207256963
"157",4.46317634578008,0.877380287456617
"158",1.34863542945823,-6.18999207032175
"159",-6.59394161353703,6.9627652886993
"160",7.76542768158833,-2.5795284906053
"161",3.52247789098328,-2.69502046390699
"162",1.65843837752618,7.84715651156148
"163",-9.27795474381128,-5.18795485684677
"164",4.42065643372189,-5.22040419131372
"165",2.65367661097116,-5.14763222508918
"166",8.85962728807499,0.586577063149889
"167",1.73273284963216,4.84754766148399
"168",8.50168783366826,2.68665867264644
"169",2.6248621088962,-7.3508761636549
"170",-2.05544390257273,3.60176684134785
"171",-6.46097670538438,-9.88451749784872
"172",9.88847989090573,3.94226045791584
"173",9.03835241122579,-6.94130776242673
"174",4.3280562397922,-4.52783960670786
"175",2.1427605561621,9.5704822892003
"176",9.23983905729983,9.35568274660909
"177",2.67573402477865,-9.01540658211161
"178",4.96967250866874,-1.48300146556721
"179",9.00995108659117,-7.27057086096465
"180",9.52820991544286,0.292180737451417
"181",-5.00455855381006,5.16085663442936
"182",9.77345663195592,-2.06088201230159
"183",9.01728100714536,2.42164622453856
"184",-2.57995706062502,-0.798078240004543
"185",9.47660160753003,-1.28283611451479
"186",5.51792409347399,0.397623243552516
"187",0.129757030517794,9.80304606931895
"188",5.04671412450989,-9.30779122663807
"189",4.54105463726592,-9.02752438069001
"190",-1.68810116141685,-8.883777248775
"191",5.852239383712,4.76877553406666
"192",6.34066409977095,6.92840319672541
"193",8.0079977619971,-9.56879166806175
"194",4.45965259823424,8.78829044318991
"195",7.78452504084271,-4.77867216552113
"196",9.22236441729183,-0.991942840482807
"197",6.29783558830241,4.45494039860932
"198",9.55083905497304,-2.01112151775305
"199",1.41000843221263,8.89626962936745
"200",4.91378012648056,7.75973688967497
"201",-3.38065836727765,-8.09787368692923
"202",9.73038349940907,-1.47209701714019
"203",5.82610925575864,-4.60816071248701
"204",5.43582873098785,-4.19929750645679
"205",-6.93492626072839,-4.35556696269487
"206",4.59946324153861,-9.05585266606067
"207",-9.05590481237596,-2.28997319638438
"208",-1.05498788398108,5.29966345111461
"209",-1.69199224259501,-4.12886585094384
"210",-1.7874663972907,4.51102307404653
"211",2.55104374293296,4.66328565980803
"212",8.85418904945254,-6.12707464657433
"213",1.5252315350881,2.41986420354806
"214",-2.57717659591435,4.44077081301657
"215",0.83302372993785,-7.14785516564007
"216",-4.57423244333768,3.4157681686338
"217",2.82502350924915,-7.88524983745447
"218",0.340983905407484,-7.74910307478422
"219",6.61369514284161,1.97179630853498
"220",7.0010226004888,-3.10581487738091
"221",9.89021380606573,-6.15281416023208
"222",2.62154752323113,-8.66833149964805
"223",4.4319840335811,-8.32601330152102
"224",7.09412912539847,2.95840519160265
"225",-3.22195226948679,7.8969309581953
"226",2.30922013121017,-6.4094117053537
"227",4.66102552312805,9.95619594476011
"228",9.73366565503966,-5.17352493538056
"229",4.63694295089226,8.28059913146717
"230",3.69937596748059,-2.88875071644725
"231",1.53034501930961,-9.00525558954541
"232",-2.89566010604176,4.13285200662358
"233",8.20357233333198,5.576961817751
"234",9.07383728692366,-3.09384835400124
"235",-3.55267878694576,-7.75351534990477
"236",2.61677608505124,-7.32768860914803
"237",9.92716257114807,1.87620473301649
"238",7.9619574748358,-3.94445820715191
"239",2.64787490577874,-2.30696081664064
"240",2.40038739539159,-8.69662354027241
"241",7.39151381269039,-2.15339744518133
"242",-0.77558385906741,-4.71782554988749
"243",-7.23837052977615,3.6034499795278
"244",-4.66990810353309,2.89542567461467
"245",1.68394233016443,4.5125147147337
"246",0.832024004412233,-8.20768088353361
"247",-0.7105745444278,-6.11526758217224
"248",-0.687342315468413,-4.3656035960521
"249",2.77642798599118,9.54395614749956
"250",-6.78854041958402,-4.14821171885706
"251",3.43591009503143,3.90188602719718
"252",-7.63039571138506,5.95666321009048
"253",-2.5763650544468,-9.93248557562765
"254",-9.86817902688927,-4.12249812357913
"255",2.41678491507628,-7.49977569594193
"256",3.81368289174134,2.30679019663512
"257",7.6992264184446,-3.09779065253679
"258",4.03030382440193,-2.06484288537467
"259",0.416757138918911,-7.7881905814138
"260",-3.67067488343309,-6.62348297701101
"261",2.61300878948532,-9.04399458962871
"262",9.191724927623,2.80661323329696
"263",-3.04301144242345,-8.54329306675936
"264",2.45710177707224,-6.44519199609931
"265",4.36864529983723,-8.3183372338317
"266",-3.5449928259186,-6.11654618547618
"267",8.58553266585659,-2.38794550234161
"268",1.34421370847122,1.9665983995219
"269",6.36324080624036,4.01600795688864
"270",1.2762112625569,-0.158028167679731
"271",2.85101039611618,-0.70128449362528
"272",5.45857453173085,-9.58411414336297
"273",7.37751446209586,0.327905288722832
"274",3.54205825140525,2.74644055036333
"275",3.05725697377056,-6.80471158364526
"276",3.40580556556233,-8.68369583786262
"277",1.8080321808884,-9.19236187426577
"278",-9.20224894849525,3.82737245508906
"279",-5.78417691092909,-3.70543559394719
"280",5.47113323646045,-3.15108900769701
"281",-6.74548161860002,7.20916465088521
"282",7.20381659437408,-2.52100445264659
"283",9.3843756330898,-7.30381965509878
"284",2.42521893585945,5.39422747104254
"285",-2.23555336066056,-4.80915120464488
"286",-1.90843605003465,0.128400706817047
"287",1.02783847974933,1.28642982104793
"288",3.60332846597885,3.53566249410505
"289",-5.77987252392631,-0.108287828043103
"290",7.20185519767256,-8.57768260444573
"291",8.18027572888241,-4.13830033703562
"292",9.28294378900318,-4.79154786073195
"293",-3.84951561372873,2.13186489214422
"294",6.8278810517586,1.22836895265209
"295",9.68094327570725,9.22697597234219
"296",-2.81496466377575,-4.70512008258083
"297",1.14140721376316,1.33725781091925
"298",-0.686659318198508,-9.09357681426627
"299",-1.89341639790655,-5.79453247468336
"300",-0.39412797697878,-7.59055165701284
"301",2.06414278734883,-9.87921910247678
"302",-8.02619716832851,4.42713893655309
"303",3.05598427425139,-5.14687939488795
"304",3.05529170615046,-2.59025616407598
"305",8.18554389079509,-2.39477017959871
"306",3.00813150181057,6.55065398965235
"307",0.139434029624681,-6.50799775237829
"308",8.21967311421758,-0.858166574835195
"309",2.59490684838966,3.13195646416716
"310",3.24104502327828,-0.714410860891803
"311",9.25129460410972,-2.50685164788592
"312",-8.20449537532113,-5.23002190053376
"313",8.66478090323653,3.16459664343711
"314",-9.96214280043205,-3.30724538052891
"315",3.446679330591,3.73007488928124
"316",4.72767457060399,-6.48169235799287
"317",-0.344953224557685,-8.78478201757389
"318",0.805169666091388,-3.97466732207249
"319",6.66394257423235,3.50348899253731
"320",3.48305096809781,4.15871830315155
"321",2.65423544329678,-8.00959864078322
"322",2.98245749341731,-4.34928847218544
"323",-1.28313158336823,-3.78901118510839
"324",8.90038442765217,-3.53062038146163
"325",1.80966958283534,-7.01432941899839
"326",9.82960627672583,0.544745514889655
"327",-4.85958513614605,9.94942332472419
"328",2.43188832424494,-7.44046188337961
"329",4.58888932527771,-3.77488352056389
"330",8.49211563312565,-4.47297083788726
"331",-7.10874409956887,3.58167612444959
"332",5.22330814968882,4.47829730743251
"333",0.138799358683173,-7.42055257320317
"334",0.746094333662768,4.37692794719624
"335",3.88756418451521,-2.26104810204561
"336",2.63025760239543,-6.58446550958615
"337",-4.34076941386593,-8.3596280141137
"338",-3.23697732670553,6.44028675476875
"339",-3.10342388438585,-9.49807684188272
"340",7.0050541553428,-9.99043232077383
"341",3.96296291972249,-8.94352219085704
"342",1.73540392064751,-8.84078689316084
"343",9.00601052300772,-2.16373859642772
"344",5.0869284532746,-3.03126876537135
"345",4.17076868936419,-0.420263601045008
"346",0.60742219153326,-9.69585268343508
"347",0.0938653411503765,-7.19034363319224
"348",7.7638955688235,3.31124493102834
"349",-4.5210458420479,-3.05696686627925
"350",6.20591268499993,-2.31038319419895
"351",5.01334942433459,-3.34567687776143
"352",-1.04773817391106,-9.0080049802782
"353",8.88365180046094,-2.15644991269073
"354",9.81532740916009,3.0664441285262
"355",-1.64951676975761,9.17521181701886
"356",-5.79683106581797,3.73370599834743
"357",-0.656344210947282,-2.71466736001457
"358",0.906539076713671,-7.27667930688767
"359",2.88391580470488,1.19456414777233
"360",0.495564123557415,4.05082762124948
"361",-0.183836585601966,-3.84470603465161
"362",1.24219938876195,1.83166408267425
"363",4.66916328561638,6.44617732443294
"364",-2.5714322613203,-9.92697979501827
"365",9.6110785827841,6.88960205781768
"366",8.64065468511399,-0.984527079490363
"367",0.537335600638471,-3.89947895280784
"368",7.33184160450037,1.32822447729268
"369",1.74540925363544,8.97705838593538
"370",5.01582028424309,-5.08771564171184
"371",-3.36531735105382,5.09693430860352
"372",4.097503210578,-7.43770057146321
"373",8.81918771949131,6.45929670459736
"374",-2.66626105054456,4.21797293449345
"375",5.12168182245659,-7.22474032474565
"376",8.451927331771,-3.40452035034104
"377",-1.40562977983791,3.72783870232524
"378",-1.90468402157421,-5.42475348000153
"379",7.3382837175086,-8.69039662535215
"380",5.68723831067473,-6.25221037469601
"381",9.8500041672014,6.42115857481258
"382",-9.74658061481023,-2.91691690144944
"383",-3.94858239222231,3.76502709146735
"384",8.85614783481287,-4.82923040293826
"385",-1.60674922801263,-4.31192173222371
"386",5.45374142391665,6.2841643952197
"387",9.88106093580427,3.65195372742164
"388",6.92063980364765,-6.57873963144084
"389",9.61166887471336,-5.29191041092417
"390",7.96144662876031,-2.73971497113962
"391",1.21064550188748,7.85040466864302
"392",4.22638713356719,-5.75855160121137
"393",5.71024116143235,3.33095649424649
"394",3.64752608704293,5.98376876190741
"395",2.24418504356436,-6.14069401726738
"396",1.48502109663241,1.6178613412194
"397",4.50829768775293,-0.0629826518706977
"398",5.74055641536688,2.65267705799488
"399",3.95630668106605,-4.2804801184684
"400",7.43218174171488,-9.15082835887006
"401",7.71091270878969,4.17590997796651
"402",4.57081226642913,-4.06706703000964
"403",-3.30688244077464,2.21012699250423
"404",-6.94885518179944,-5.68553558456188
"405",8.35525958711514,-4.70236986206146
"406",4.02733807077311,0.611521975115465
"407",-3.15303152648994,-4.02776660903328
"408",2.286367646484,-7.91857547344989
"409",5.55610913448618,-4.28797867160029
"410",-0.493081924578291,-5.02564794540376
"411",2.91373775195098,9.66098399421753
"412",6.22738359092182,0.482464668530156
"413",9.64550072334532,0.814728657351225
"414",-5.85356816431158,-5.68754833151615
"415",-3.3843258066554,4.59916186835471
"416",3.32480957389635,-6.25212711136555
"417",3.58325902969227,-9.01599957753206
"418",-3.14489686716115,-8.63922677235678
"419",2.72808901212557,3.33985926241439
"420",9.54580947978684,-1.07577353985107
"421",-9.08581633986614,-1.76472054296028
"422",8.96520336656977,8.45733332178497
"423",4.29063408151706,-9.04458547211107
"424",3.2038365864355,-7.36923914813815
"425",-0.501753168537107,-6.4233014436104
"426",-7.70177514124953,5.63690828508697
"427",7.82255286838335,-4.60867618498014
"428",7.23107214598713,-3.7663265674928
"429",1.52167445827217,-6.42442402120651
"430",5.38703032685589,4.35971440903813
"431",8.45164353977452,2.70999098614993
"432",-9.4836997105449,4.36209003713884
"433",4.48159005816706,-4.6258449245579
"434",5.33852408221719,-2.4938501152792
"435",-0.500811474666989,-8.41768855727423
"436",-3.76322090916801,3.55881343923102
"437",4.33235060292645,1.95390019969636
"438",4.24743401199521,6.94360351291834
"439",5.53382130510727,-6.47230091835809
"440",2.64572089286958,-4.27956396943046
"441",9.62234304854064,-3.71278909053217
"442",-2.58498011018673,4.56179522247112
"443",-9.7801908929614,-4.71261593258532
"444",-2.37832877111941,-4.80281390468008
"445",7.71856551855308,-9.1679372317958
"446",3.07750024167035,-0.304012436099583
"447",-6.84158059142646,4.51699020766682
"448",6.58097829531471,5.26410511447466
"449",3.36689536114136,-7.31867013972078
"450",1.55844606972096,2.26796159866353
"451",6.40168797202932,6.78957827076374
"452",5.89365543833992,-4.99085924406245
"453",5.41772997254157,0.0950963074865285
"454",9.886026528402,-2.17589353094809
"455",4.72310822297004,8.30568315919663
"456",-0.439476293795451,-7.43661363339925
"457",-1.30726412389777,-6.07488464367634
"458",2.72332990458381,-8.06852885052649
"459",8.70429265138227,6.80722389075527
"460",9.92958932427427,0.669537522517203
"461",-5.26400540515169,8.05971375244553
"462",9.11211911992723,7.03806853332935
"463",7.8309160110075,9.62758108256821
"464",4.26093209520332,6.85642661126622
"465",-0.740340271077002,-2.87656150190742
"466",-2.07403723732568,4.63608520520211
"467",0.493226051694364,8.17742792565696
"468",9.64903683761804,0.514084273017943
"469",9.97865042561898,-2.7058080750794
"470",9.31104282048182,-0.650272824495914
"471",2.77715476877347,0.251846941173426
"472",-5.62057002534857,2.17063728905487
"473",1.68298238877469,-7.45204080947587
"474",-4.14608170634892,4.03334255785012
"475",-8.74154743542022,-9.62316276680212
"476",8.52343902253779,5.9358493563559
"477",-0.650770005959203,-3.7582333067985
"478",7.29082845435187,-2.27641257486539
"479",8.10971940765739,0.588951939535036
"480",0.228132484662638,9.4910311865533
"481",1.86637838658498,-7.73307104685955
"482",9.92743815535505,-6.12355517176184
"483",9.61545501155342,-2.3335671233508
"484",9.77535151683696,-3.21615642431425
"485",-2.34370659833075,-8.71321146365517
"486",1.47265489329584,-0.323473386306432
"487",8.51885421245242,-2.75547467230354
"488",-1.43913355830591,-8.56409901902225
"489",4.28544691694697,1.05383750873443
"490",2.35820659618184,7.53152420766128
"491",-0.672313774666691,3.48205256756046
"492",-4.91083019729558,3.3650442113867
"493",0.0617365159268957,0.876069615624147
"494",-1.38341859466891,-8.59438871313614
"495",3.89566676905815,-9.33809861493501
"496",-9.6547542076587,6.74511215544044
"497",-2.31539024181984,-8.88085240483633
"498",3.85078039587825,-0.92636570087052
"499",6.37193862621643,-0.454779155479628
"500",3.44668781210203,-4.98238826796296
"501",9.16391365772142,4.7715930000777
"502",5.43375054094213,-6.34835825963819
"503",-1.48288825796044,4.20035365958029
"504",6.4703702787665,-4.58414478052873
"505",7.94546903478476,-1.98654378204083
"506",-5.83691013263888,6.72701799776405
"507",-8.56392451281863,4.46654241684882
"508",-1.56212657835567,-4.4343926057627
"509",0.764852394495392,-9.85916168920085
"510",3.38567952690937,0.0418095809800434
"511",5.01119486343669,-3.23318144219229
"512",8.41941807448165,-2.69831790748867
"513",1.3938866792887,-4.14228332985658
"514",3.57254923212167,9.43939620319725
"515",3.44541336264228,8.33956302656588
"516",5.12544574008643,-4.31681938393012
"517",-8.25903582783212,0.289686418946076
"518",1.66402360940992,1.44668747136166
"519",-3.65112304763898,-4.64169436512748
"520",5.5017637891433,4.697575371938
"521",-1.64294481455727,2.05171475263342
"522",9.41036277130479,-2.33316379799362
"523",9.28153933247813,3.28938069360447
"524",-4.0599391453361,-9.73982371280727
"525",1.70764223188598,-6.84289809109032
"526",-2.11858514889173,4.76281527204264
"527",0.811149435176048,-7.42223849261791
"528",3.02995791345893,-1.51150109406444
"529",2.81673094668804,0.362662757397629
"530",-3.53312802733853,-7.79184936029196
"531",8.41356279030151,7.26002300747496
"532",-0.785299511480844,-7.66618144425593
"533",5.03540758225427,-4.39747188964247
"534",6.41566381134908,-5.37248286291288
"535",3.19144446199061,9.08946521427424
"536",-1.83405526760907,-0.529024453098828
"537",6.60257186504168,-3.20030217542808
"538",2.77064646754297,9.17057430204295
"539",0.302105926202785,-8.2688192646674
"540",3.5627796821791,-2.406767216562
"541",-0.387220953016367,6.27690524270292
"542",1.90995286102407,0.17874630742881
"543",-4.98901158782246,3.1454906106228
"544",-4.82899591253954,4.85429733595083
"545",2.98852122807148,-2.96899109813239
"546",4.1333269909228,6.35834581968084
"547",1.7573212147181,7.52229023277323
"548",4.70604985985119,6.0097817355927
"549",2.04105978464213,-6.41073786810011
"550",8.8337663162747,-6.36632014142378
"551",2.90240240097773,-6.21088233136106
"552",0.449479733106273,-6.03546018366615
"553",9.83028089893196,-2.49578253045911
"554",-3.73724055345519,4.51529099427717
"555",1.75045117011905,-7.79730442045548
"556",-1.06852828466799,-7.05567915618303
"557",-3.58721282536862,1.26394296763465
"558",1.16156833028072,-6.46060271847091
"559",9.9141170742223,-2.27375805992779
"560",0.815784789374447,1.0177415490034
"561",3.84036033632583,2.08532400181866
"562",-1.53275372700591,-8.18957208175561
"563",0.578547260629421,-6.5346294497067
"564",7.6804620830444,-1.88509751995298
"565",3.82044658872474,-4.01905043596344
"566",6.3072094196832,9.23832762524398
"567",5.04091871876881,8.73972486679122
"568",9.59615540406958,-1.88908338248439
"569",1.92729665119259,8.46471578428464
"570",8.707016080225,-7.60904181886872
"571",9.3127442126206,-6.8080971818199
"572",2.9214104854691,-0.774153353777365
"573",-1.62234545179672,6.37469933022658
"574",2.71716658058722,-9.26694735342608
"575",0.272169711570314,-3.8674021193583
"576",3.16956030681467,-7.12577002643229
"577",4.89716369072994,-3.70061192268622
"578",-2.42027150077774,-4.81981301974884
"579",1.31555881616805,9.54217960286769
"580",7.8962046054221,-4.43745786498766
"581",-6.95177637357119,-3.55955266724777
"582",4.65341171195178,0.0817676704900805
"583",9.10076386586297,-2.00633664480847
"584",0.309462612640345,-8.46257341920136
"585",9.82878822691418,-2.21144965289568
"586",4.40277943656838,-0.507759291867842
"587",9.48687672622327,-2.46512357542088
"588",-1.51123524119612,6.57936458370386
"589",-5.30466723714198,-4.9488488498173
"590",-7.07922514840902,1.69691999108181
"591",5.12867092824308,-5.04713182952401
"592",1.51721312613518,-7.31387283234653
"593",-4.35509191553137,-1.45915579174471
"594",-0.750795025705884,-4.3649078505041
"595",1.00449102508719,-3.63969535472279
"596",3.47607902411255,-6.02555474080873
"597",-2.55523210369574,-5.59042443637736
"598",5.44886413317727,2.17497938159795
"599",-8.28868206979678,3.91805182578537
"600",7.48160769628157,-1.82436594415776
"601",9.87480069659796,-0.958056576018862
"602",2.62993815224036,-5.26672495023377
"603",7.04965427492425,-8.31801479122078
"604",7.49798660261149,7.22831673174369
"605",7.49593444365019,3.41682112404669
"606",0.532350917455915,-5.84192855974834
"607",1.04342369566439,-8.57470024442591
"608",3.16542708547786,4.18239181188255
"609",9.67581573659118,-1.95691960478143
"610",9.55558691133774,8.21236662566662
"611",6.4134192912752,-3.71251524014951
"612",8.62137048348814,-4.51786975630966
"613",8.73856658199657,-1.57302414831065
"614",-6.5321243364815,-3.75242798971158
"615",5.85496518124273,-0.906674162397394
"616",9.67784920125268,0.54093866256153
"617",4.84964181399846,-1.52444021132396
"618",1.0241673649216,-5.83632818779733
"619",4.30115218849096,-0.494901093661611
"620",-8.34653859590617,4.02399746610172
"621",9.83646530607075,-1.72752797596331
"622",-3.65297095289861,3.15013455845474
"623",-5.14269547500589,3.07924979289965
"624",2.21164832073555,-8.07517348559486
"625",-4.18419037865533,-5.68081199904555
"626",1.91071713445126,-1.75591520262969
"627",5.95253007537394,5.10987930963893
"628",5.69767290297023,-5.07065738271194
"629",-4.99846665756195,3.54115942911449
"630",9.59067845447862,-7.02384239895764
"631",1.78776014210598,6.87321864294063
"632",5.22819483812782,-4.47506532422267
"633",3.64155010407558,1.00909665077779
"634",8.38527146152046,1.96706962571625
"635",3.26059408325818,-7.63678833674931
"636",8.53619746772893,8.38585431152751
"637",8.89564539498679,-1.42727688747982
"638",8.21231378700759,-4.49690158791782
"639",2.08515535763581,4.64007933132962
"640",4.90802625394281,0.421722179307835
"641",-8.19948138127074,-4.45639367480908
"642",1.8774678410773,-7.78966979101824
"643",-1.53568971556524,-4.2995182485538
"644",8.32229928641027,-3.01195245996496
"645",-4.96357479445578,2.72021235035936
"646",8.54151959450974,0.264061733287235
"647",9.05692807926243,-5.23106244676455
"648",-6.30707904860174,-1.84686138942197
"649",3.21787199536629,-6.86135944433772
"650",-0.839382361482421,-3.34760932139034
"651",2.08706941717537,-6.48461695174774
"652",-1.75824005164031,-9.52258677563805
"653",6.5256931049953,1.13350404833909
"654",-3.28627450082422,4.84773102361942
"655",9.36728658231004,-0.192664958376554
"656",3.3422166665332,-9.92177411542798
"657",6.21854083598009,4.88383597283246
"658",0.835109101863054,-5.93109521971201
"659",7.51980802451726,-0.552605172742915
"660",-1.83146108949586,-1.62831641275261
"661",1.67604664049577,-0.296043288944929
"662",4.57399439503206,-3.5145120197194
"663",-5.40917908048868,2.30584394554171
"664",9.52941727759026,-7.6250464437544
"665",4.91613167781907,-2.73035949943733
"666",-2.30161970677727,9.15056467998511
"667",9.62331771923346,-1.01542382195476
"668",8.83596043961006,-1.29833202070586
"669",8.77292768305779,-2.54369276539364
"670",3.98901207849121,-9.02328842843417
"671",-6.06950037297793,-2.26986497116741
"672",5.01933646686666,-0.661494799096545
"673",4.82981514669518,-4.25903914077935
"674",4.28006496404123,-7.55062917305622
"675",3.83381642001041,0.228384205947805
"676",5.11963890963671,-6.4469668332822
"677",8.8202238969825,-5.30727392546396
"678",3.7094842665465,-9.33144410500972
"679",7.70960159326933,-9.69928979484393
"680",1.26908349466248,-3.50843377753336
"681",3.3156187055647,-7.1790591658646
"682",3.83921288794227,-2.75224189346773
"683",8.63271545156749,0.250792636361439
"684",-2.08771423327562,-4.36357965885691
"685",0.747308501922817,-6.3464697202653
"686",-1.87483513931511,-5.25203822278854
"687",5.09099331698962,-5.59175680715271
"688",8.56812902216916,2.66213199694903
"689",5.2141537514035,-4.10455525339785
"690",-1.32232203792228,-8.85395064149634
"691",9.76854248983727,3.30382685086079
"692",3.53804115475214,-1.31693168495985
"693",-2.114539222639,4.39600222875015
"694",7.02985263473238,-3.0809218637296
"695",-2.2205602061149,-5.28889979381347
"696",-1.37292037863517,7.51875610414572
"697",-1.56289305941755,6.59879324961366
"698",3.679675342064,-5.06923936340172
"699",4.22478225293162,9.67381056569138
"700",0.731881407773471,-7.93923889108555
"701",9.59393816403463,1.97865353973611
"702",-2.71618803613819,1.06254033216828
"703",0.503767093505303,-8.62135290761216
"704",0.604181752678414,-6.44447267877695
"705",2.21466709230299,-7.1297370544562
"706",-3.55598507645482,-7.94867212262034
"707",3.38114511429012,-4.50114491799468
"708",7.26417722031329,-2.78204255271703
"709",4.16262930881203,8.94401383844524
"710",2.82141665978997,5.38807911991171
"711",0.00637547116639325,9.13927414163481
"712",3.50976559791889,-7.59364176294184
"713",-5.6696380026915,-1.07693511570687
"714",-1.23310975948698,-0.653028641900164
"715",8.25438609783305,-4.08976765069383
"716",2.07596050200664,-7.74190068070311
"717",1.61600031391572,-6.78062709870574
"718",8.15649394666252,3.75319976716128
"719",4.79355292252876,-2.6477731205523
"720",2.45250689837121,-7.2259497246705
"721",7.43341995341325,-3.94995888163976
"722",1.07635094678699,6.68391390390752
"723",2.53191205058101,6.33523333046469
"724",-2.43461422982364,4.51418475171522
"725",8.09675661563233,5.24976842261822
"726",7.24041525903885,-0.486219820049882
"727",5.2578002968221,4.80778598030156
"728",2.92523662337771,-9.60393370769452
"729",1.9943840913038,-7.32182407591608
"730",5.32533761925151,2.50060922386183
"731",3.90259325340594,-7.68695585757087
"732",2.00526472479396,6.28794641532295
"733",2.8675602144358,-7.63397772570897
"734",-0.0270985711176763,-9.5270998847991
"735",9.39767694704642,1.09478181035229
"736",-5.38689671753673,0.86750653837953
"737",1.99709739874379,3.69193524780712
"738",-2.52063048086711,-9.59143809654051
"739",-1.8549442085714,8.27262397146114
"740",-3.81948083369934,1.47633332675468
"741",3.03062360668264,8.9220592077254
"742",2.45669832009298,-4.12160817053518
"743",-3.6414797710313,-4.44897776309517
"744",1.26334034815955,-5.7483335865254
"745",1.1337993914276,5.5963079209323
"746",7.61146730048495,-2.19596146427648
"747",8.4257735104984,-0.906328780401964
"748",7.68964391158079,-3.84395466644492
"749",8.70014485990396,-2.04593329272029
"750",5.0692887058176,4.12767663616251
"751",9.33557286869473,5.08289260538731
"752",2.2464623930864,-4.58353238853306
"753",1.69039354666893,-6.73447354336531
"754",-9.84668029519526,-3.25348457870859
"755",1.99106049007241,5.79482411172648
"756",5.35169287169992,-3.3114261801893
"757",-2.75917200931872,-3.94531499070581
"758",-4.40479843524372,-5.17618491183384
"759",4.80336080403504,-0.369611261048703
"760",3.19639917011955,-9.97811002467643
"761",8.38542742683785,2.87406266914331
"762",-1.51372289721621,3.36240835789795
"763",4.40015446481993,-0.447458593771444
"764",9.18299782715621,-2.10761639449629
"765",9.0917396461009,-0.317243641620735
"766",6.03834678542626,3.92990694457694
"767",9.18608906002191,6.07242405552824
"768",8.82631514003151,-2.07943822038942
"769",-1.03662388097291,-6.98148045121343
"770",-9.10025729310291,9.10130977004883
"771",7.44015241674788,-4.62380239718186
"772",1.00885442559957,-7.49903027313849
"773",0.87879377479112,-7.99541830645467
"774",2.07968136492127,-8.44146655403165
"775",0.24717266758671,9.35828231904452
"776",1.00890967227315,-5.83039945897326
"777",0.334690417294041,9.97816085186059
"778",6.66213685766706,-1.05607721292472
"779",2.50852252265759,0.0983736320631579
"780",2.68981926426932,8.51088725994487
"781",5.67931608169602,0.170645573198271
"782",0.00250788401899626,-6.27123766444129
"783",-2.48681537745142,-9.37370088471653
"784",-7.46099548461643,-5.44008841403411
"785",3.12951267300377,9.50963715611579
"786",3.20112906360009,-3.18814229794953
"787",-1.14659114773531,-2.93725937564886
"788",9.79045060077624,-2.22233844520815
"789",7.4938988017675,-3.17043627372186
"790",4.51955107040703,-2.12076133258961
"791",8.79820895595913,-1.9839282177054
"792",4.17539474576188,-9.80952939829876
"793",-1.23680825960037,-9.53734868187894
"794",-1.72357774732518,-7.83870986200782
"795",7.96562792082113,-4.4122274588517
"796",5.38891792712093,5.09849646230577
"797",3.22215766958834,7.66087337902718
"798",0.974047374438669,-5.5140650687099
"799",-0.679710305594199,-7.03240885977721
"800",5.91260141089151,-3.04360784972232
"801",-0.59606597180391,5.85651088145823
"802",6.41525637849554,-5.32512791724002
"803",1.27627874597238,-2.91964532498241
"804",2.2661329931725,0.653527067479445
"805",1.49286953648698,-6.22613662628282
"806",-0.641616405300738,3.75402166479034
"807",3.48088817401731,-3.50806403585011
"808",8.53449813399493,-0.80319621196395
"809",4.67130891040142,-9.02007961529307
"810",2.44576907625742,-6.66586190647649
"811",0.694722723419545,-5.32483124068676
"812",-1.93735022043256,4.31699003747781
"813",2.95140162572352,5.52368534801644
"814",2.36767045080342,-7.14478505065927
"815",-1.61528937416733,3.38572369350004
"816",4.57049437598471,-3.85223531808151
"817",3.03884640426986,-6.62474425771507
"818",-4.32961178888945,-2.10643983515183
"819",3.54769387817214,-3.88224289257778
"820",7.38841511756618,-8.46133727492997
"821",4.24911670255824,0.724765306949848
"822",6.85046026948839,-5.61256690674782
"823",3.48498311141157,-9.53285740986757
"824",-5.29058086358418,-5.32255203004752
"825",-1.87594044193247,-9.01287330350897
"826",0.996418381982949,-6.37514143127191
"827",-0.623365028986882,-4.23813358349435
"828",4.63722134394629,-4.70678126446728
"829",9.78348894044757,0.357462039828533
"830",-0.421432678413112,7.52770259132376
"831",0.970721816047444,-8.85132344050362
"832",5.01272567369597,-3.24093340441323
"833",-2.07142806222691,4.12081682996359
"834",-0.930668902910838,-9.2775065636306
"835",-0.814630086169927,-9.48109319833748
"836",8.82605805338244,-8.11449867695046
"837",0.360683242615778,-8.83316620995174
"838",1.99823233739153,7.97468562392169
"839",-2.69014279780095,8.99035175618337
"840",6.83414487495611,-5.03769898910832
"841",5.67574154942122,-4.17696010375948
"842",9.86742963468714,1.00096051490254
"843",5.19925577704271,9.08620586102188
"844",8.55387499937933,-5.55615046348976
"845",7.17292690504109,-3.00238428098965
"846",-3.63232614454319,1.68712384445826
"847",5.21992638758093,-3.07482222891849
"848",4.49921521187207,-3.98719620239717
"849",2.66648232212901,-7.56937529593415
"850",9.42792333084071,-0.701527253550012
"851",6.93585504035582,6.61859203246422
"852",1.69947529557248,1.28721595938259
"853",0.466009753836261,9.40024297124182
"854",8.52974634944985,-2.63974054425489
"855",8.09791841846163,2.1142949251589
"856",1.44329327566084,-6.57950168399111
"857",0.517480002708908,-6.12988228200265
"858",-1.07679552904301,-7.65273513894499
"859",3.28422834038065,2.80628720352979
"860",2.1126271817775,-7.98557779093244
"861",2.94253098996705,4.05123423603072
"862",7.85397414027102,-0.270430619639228
"863",8.53260893072729,2.35499141144828
"864",-0.762776675182977,-8.57633520950912
"865",-5.86012794618,-9.19417916735256
"866",7.69447207134363,-4.50632720210706
"867",-5.01849368847616,3.94970578134235
"868",-5.2457310113823,7.03700029891479
"869",9.58735797492409,-1.49654513399582
"870",2.9947968743727,7.88487898018502
"871",-1.71299092889967,-6.80130709686637
"872",4.8937471822137,-3.2815742589446
"873",-8.82419753823342,4.25806386239856
"874",-8.03136254253332,-3.21968541764363
"875",3.99566186897573,-0.236085742835712
"876",6.28363743253431,-5.68903938587027
"877",6.32795469617122,7.64955232141801
"878",1.20063180609577,-6.15559940619278
"879",-1.41655864084896,3.92185975615575
"880",2.03561551614257,-7.54214551623591
"881",6.50337652761664,-3.44743894180283
"882",7.3777370339667,-3.94476566052617
"883",-9.30715485970723,7.84133156044845
"884",6.21667033919948,-8.58718008759752
"885",3.66074913381453,-9.82659117988078
"886",6.46309962514351,7.15061580085603
"887",3.45659044949571,2.24628310799744
"888",5.04177498158242,-9.24016558539734
"889",5.81389030914579,-5.42386470078782
"890",3.89495272760541,-7.60353505636886
"891",-3.557558227767,5.83889192574134
"892",2.10818397416006,-7.25430780457827
"893",4.66498204164964,-1.49436802796117
"894",-0.216876198392129,0.908280869698501
"895",9.38327433934319,-2.22543499145104
"896",-6.79090328932944,3.17575835913885
"897",-2.09740714362852,-5.76982784641586
"898",9.83242481255729,0.895357870795124
"899",6.25930580274144,-8.89183091323503
"900",8.00720221915981,-4.44902363513393
"901",-3.9334770037749,-5.25142924027023
"902",-1.73554721881374,-9.09762248862535
"903",-1.53138593213953,-8.47628818191879
"904",2.79258821818075,2.49718010600191
"905",1.94426696212759,-8.15841463041579
"906",2.34745942932932,-8.3700302095167
"907",3.45312562778417,-7.64264390083554
"908",6.58019894926838,6.04156196564873
"909",5.4298524035039,-4.8580424458487
"910",-5.32976008369587,-4.65302438293293
"911",-5.42593843256327,8.12370837207709
"912",-5.98632238710707,8.7477093702546
"913",-7.84940114226629,3.64064785077062
"914",5.39348494174192,-9.46754757605959
"915",8.58420168518933,0.119447134566144
"916",8.63186621689238,-2.7248091428919
"917",5.40053177664959,-2.54067325222422
"918",-3.60105893789296,2.49133667453862
"919",8.67468175139948,-3.47106468456332
"920",-6.82979552941106,4.69286622359505
"921",8.77744502871792,-4.47240912493726
"922",4.28193175823253,4.28828375515877
"923",9.09167526606325,-2.06005988533434
"924",-4.47878744143964,9.58910767294583
"925",3.00604480271431,9.39769187378261
"926",7.56891307497426,-4.18772203742265
"927",-5.62005479798245,1.57055777697678
"928",0.0718890718053444,-6.83568955126248
"929",-2.07228208000743,-6.98897507787478
"930",0.0363974651190802,-7.19679275909584
"931",8.65822704807215,1.5701432597416
"932",4.78849289385835,-5.0134574139156
"933",-2.9085666348692,4.98862177395495
"934",9.84423994010285,-1.83954213374818
"935",8.81811048493546,-3.07120462959574
"936",3.62523278556182,-6.08311654636054
"937",-0.937292861635797,-4.76835105902865
"938",4.83207168570516,5.57578504274716
"939",9.97602185638243,-1.89184718055913
"940",2.09086216011201,-8.1969215504796
"941",9.32268689211924,-6.84045842765045
"942",-6.27453935976519,-2.05602239995642
"943",1.93695762245625,-0.670676806876145
"944",1.4569723443492,-6.42543604179082
"945",-0.181333041837206,0.151889212029346
"946",9.54981492268416,-0.877423041019938
"947",2.05627281946363,9.28061278234964
"948",-0.00187725912837777,4.39662965414755
"949",3.36944161052088,-7.57366505738901
"950",4.13400433833885,-0.842743827561208
"951",8.07960320722486,-3.977870121671
"952",-3.51270917457441,8.35242574587028
"953",2.79537186197558,-6.63453643315734
"954",-8.41013165303593,4.62660691413475
"955",-1.20795692717365,-7.60116456880496
"956",2.64701513176988,-4.83893898912356
"957",-4.36621451954124,-8.38591463892953
"958",-3.8879829421785,-0.890203948183625
"959",9.70872686775692,-1.88460716810368
"960",-3.9932775375928,-6.03570980751101
"961",3.34203876351239,-0.647601817145187
"962",4.9940301629249,-3.2018072372739
"963",-9.28373575905425,-2.71674199211702
"964",7.61749084475014,-4.71858851706202
"965",0.499260566721205,-0.601162110287987
"966",5.52573085991753,-3.44218073507363
"967",4.30619603546802,-0.13988969840284
"968",3.14025391719042,0.552125796675682
"969",1.82387168712012,-7.81874474119832
"970",-7.37878408195684,5.26370824216428
"971",4.04365888323809,-0.559368205067585
"972",5.73310922711244,-4.02680981729645
"973",-2.69265968079708,-4.75626827861561
"974",9.51117956323287,-1.88983199648646
"975",8.66457431708113,-2.30236296294606
"976",-1.9339900590785,-3.96190331350226
"977",9.42283636628417,-4.38132689796475
"978",9.22848892150796,-1.89011417987786
"979",9.31080046091665,-0.797279682956287
"980",8.66041513443633,-5.39331850755843
"981",-0.286792451297515,-8.02466078224825
"982",4.22099275670917,9.37011114478082
"983",2.34388790544472,-5.70815286206198
"984",1.71838500329613,-5.89814195318468
"985",3.57677946882177,2.50738821014238
"986",9.77731245322502,1.74566980051168
"987",4.39743015384011,-4.85967763783265
"988",9.4970191403263,1.0906303952288
"989",3.95358637735626,-4.52162920559203
"990",-6.17673628556076,-3.1526113054133
"991",4.54996848453447,0.456407614874479
"992",3.68852483388764,-4.49308252696937
"993",1.3348226312155,-6.25054591353546
"994",4.21031779747864,-3.6803757710004
"995",-1.48917238799186,-5.40913802757132
"996",4.13932083643886,-9.90802235861338
"997",0.850789158976113,7.98675481826649
"998",0.0994685929254047,9.37706648473977
"999",2.23429888032115,9.65161670188536
"1000",-3.76208656613017,-9.97455629476462
"1001",-2.34331820291118,8.50832723568601
"1002",9.60838229784713,3.03749315298774
"1003",7.58256930286734,-2.5127528214216
"1004",-9.25449604510504,-2.30909173449618
"1005",3.38221650999913,7.47263313547592
"1006",-1.24245571034407,-8.01562011387432
"1007",-4.53520123755879,-3.51764431234187
"1008",3.41456303027371,0.940324005168804
"1009",2.06924009977229,9.52058758550265
"1010",-7.51052063689713,-4.81822779212962
"1011",1.87250424569356,-9.24831280204671
"1012",3.14087597434991,-4.95002724695951
"1013",0.572423921585141,1.20906986670889
"1014",1.54424555512378,-7.02084228360036
"1015",1.62406132028991,-5.68101662454865
"1016",3.50435175707389,-0.567396320402622
"1017",-0.816330670568277,6.68468351243064
"1018",7.78091804666474,-9.96198923603515
"1019",-8.06819458859536,-2.6841348709786
"1020",-9.05514858513925,5.97544695476245
"1021",1.18162446200586,-5.88260528929823
"1022",1.2037761531974,-8.77213149833551
"1023",-1.45260842215066,-8.78151680444716
"1024",9.76639066273492,-0.464941684476798
"1025",4.20923494744784,-1.8713921177914
"1026",8.72710828622075,-1.01472921724053
"1027",5.33417695398384,-3.30728146247566
"1028",6.76193976461946,-6.26980163811822
"1029",6.86303194521315,-5.41909686515282
"1030",-3.05911006871611,2.02964482337848
"1031",2.78586190761416,2.972787496401
"1032",9.03286766701058,-2.10858480484603
"1033",7.25588508972578,-4.16467257375189
"1034",4.09550198237412,-5.05977005832392
"1035",2.52633932719618,2.33490904916835
"1036",1.3434172356574,9.40763803399022
"1037",4.32022372784559,1.72743894501764
"1038",-3.71288204361917,-3.5479717895214
"1039",1.50993898027082,-6.80139348951343
"1040",3.28158594413253,-9.40560774139158
"1041",4.62497733999044,-0.387192809866974
"1042",3.20424082132376,2.16153561730607
"1043",4.26816600880557,0.188339918677229
"1044",3.91520273624337,-4.29497666751558
"1045",9.04149316407711,-4.4729936580552
"1046",-4.40176481424714,5.32116744750965
"1047",7.64322056158562,2.61531686523085
"1048",8.57855391419434,-1.54008068919211
"1049",2.29977879658691,-7.26709271544678
"1050",2.5593903043773,8.42710830485885
"1051",6.32644846871699,-7.90809230435116
"1052",6.77881820211041,-2.27007918128947
"1053",6.05703163397266,0.707600128662307
"1054",9.93913837661239,2.49542808902333
"1055",3.80563895450905,-9.9592615502479
"1056",3.78460229159828,1.83697115640825
"1057",2.25878001132514,-9.21997109366202
"1058",-0.137048923897964,-5.63070912350668
"1059",6.45890164869343,9.03999946582189
"1060",-8.43915825164004,3.70236330403714
"1061",6.31581328787433,1.77222323629394
"1062",9.56116440578626,4.99880207909882
"1063",3.73772149730939,-4.09280805117305
"1064",-1.50664776807389,2.99299856760626
"1065",-1.84725398783485,-9.14813126048102
"1066",-6.14925457342906,2.43846875408053
"1067",5.59591531018668,-2.40750473742082
"1068",2.64538072311552,-7.33099564658914
"1069",-6.78086580715899,-7.63264748438814
"1070",3.4292783901401,2.04471662804281
"1071",-0.819802560363314,-8.63155686995015
"1072",-6.88960028779547,-7.27683750359574
"1073",8.64089451366453,-9.26261675576825
"1074",-0.604961402641493,-9.68833480656031
"1075",2.68713831777859,0.405579900980229
"1076",8.78818667966698,5.60382315943571
"1077",0.0776499438507017,8.60206966804981
"1078",1.21768888995575,-7.46369748900179
"1079",-6.28464491725026,7.1524847670662
"1080",1.82768536029471,0.478035455853387
"1081",-2.11764022449643,3.68212132452754
"1082",6.73213935930107,0.375465270517452
"1083",-2.7379920689782,5.59513540993066
"1084",4.19235235942324,-3.03123504181713
"1085",2.41624808328197,-8.00078406609828
"1086",-0.733636261684296,-5.44770469648938
"1087",-0.948681309855601,-9.45807862863148
"1088",9.04933851314127,-2.15789978548855
"1089",-1.30173423240194,5.13939243715868
"1090",5.81286051208735,-3.8908362836446
"1091",0.479556547506945,-6.65397834931355
"1092",3.47318374308088,-1.33179754524463
"1093",9.86338096645341,1.94813339996472
"1094",0.449185537290759,-8.26403713228501
"1095",9.04532972646848,-1.74446320997959
"1096",-8.70007640227414,0.491754671165836
"1097",9.3073701540925,-4.00068597522477
"1098",3.12442034002743,4.48442737109872
"1099",3.00766133146681,6.10483920630941
"1100",0.844073991502228,8.5168323929247
"1101",8.14992189727491,-4.13636898840195
"1102",7.73903145276563,6.55163101386279
"1103",3.14321830264817,-5.12692788717686
"1104",7.9155948436528,9.7161784787022
"1105",-5.10522700467845,-9.31490958872018
"1106",9.68869417851238,-2.16140204105614
"1107",-3.05147519371531,-8.32272135012317
"1108",9.11418427258468,-9.20728747863905
"1109",4.54625382069935,-8.81027921564964
"1110",8.39924344592873,-4.46169846381963
"1111",-2.87292067576345,0.0286094800321735
"1112",1.88256874476792,-7.65638308486814
"1113",8.78044704269996,-2.81908399363601
"1114",4.53065990168398,5.63500338663289
"1115",5.31163023173576,-5.26976269273291
"1116",1.46379556841566,-3.81109863155871
"1117",4.12342440708017,8.50338629315956
"1118",6.1008617659536,-2.70481952782575
"1119",7.28791129171441,-0.893990209006006
"1120",3.60266463714652,-2.85698691306607
"1121",2.64456024120591,-6.40510628829361
"1122",3.54120560572483,8.28426485011732
"1123",3.63139562381548,1.74265675857896
"1124",0.344365040582488,-6.88912597179296
"1125",6.45033805034473,-5.42781809712324
"1126",3.31343084344553,0.149279510696942
"1127",0.122449028967822,-6.22312599651195
"1128",8.05743669596268,-2.07568149544386
"1129",6.493460747879,-0.8914292492409
"1130",1.30858113887371,-5.51322576764505
"1131",1.89269679729478,-2.52159848278097
"1132",-7.09178204964701,4.24149881357152
"1133",-3.94468984017294,3.68449868194148
"1134",-6.23024435604748,1.59645026717044
"1135",8.62918756924046,9.35117396147689
"1136",-7.66765536896855,6.75013311782095
"1137",9.0550733719283,0.975314671704837
"1138",5.84777032989223,-0.708328135297052
"1139",3.49706495082501,-4.77168060217082
"1140",-1.69567002136318,5.53053594641824
"1141",6.65087968998705,9.09602215902851
"1142",-1.04055044623237,-4.64666804666194
"1143",9.20351958811807,-7.66102532834338
"1144",-0.869764284216217,-3.45446902629192
"1145",7.13425473884854,3.15736165495764
"1146",6.15031021774485,-2.58359778606973
"1147",3.46142987727944,-4.26199256988184
"1148",4.39762965281261,7.01069988401287
"1149",8.44937263456814,0.395335709254141
"1150",-5.7417111472023,-7.56856208172394
"1151",-0.776725412324595,-0.34314340158744
"1152",5.40450457014231,0.520905947414576
"1153",-4.8663752561697,4.73601003450312
"1154",3.13189347376465,-6.26094782037399
"1155",7.03464289654221,-7.29944701146451
"1156",-5.98376678241038,3.4143124390539
"1157",5.58227239038388,-3.68281842893339
"1158",0.547244266017515,-4.18355438945582
"1159",5.6485288555632,8.86634622827842
"1160",-0.910247636347776,4.08826109443908
"1161",4.73791442855145,6.34143726754701
"1162",2.72698115823005,-7.29572515418113
"1163",2.62390126092214,9.87427923904761
"1164",1.89960080449964,-6.46627982303471
"1165",-8.80869830849406,-4.89550194051844
"1166",-1.35720702593972,1.82925190667447
"1167",4.76650183332822,-9.44892971518129
"1168",1.41180616981728,1.85246946904954
"1169",4.46438640119595,5.77482945387601
"1170",2.5477227949159,-7.10977490078221
"1171",9.86756373713433,6.55859502836392
"1172",1.5094839232188,-3.22532852784207
"1173",7.79027737822616,-7.19526857574238
"1174",4.69919769773696,-1.37024429750454
"1175",3.54015299402818,-6.23047491702891
"1176",7.80299995611131,0.341737439266581
"1177",8.57658814758906,-1.69009907938744
"1178",5.68771769532759,-5.73078683271888
"1179",4.52992639246077,-6.30635199293465
"1180",4.13027658756619,-1.21104533485777
"1181",3.10364608030795,-4.51380290902307
"1182",9.20418425965181,-2.04127231725579
"1183",2.7870777881617,-7.39959976170212
"1184",-6.10959535446455,6.19460063589941
"1185",8.81502065065433,-3.48342657529429
"1186",6.57065497722215,-6.47378378016583
"1187",0.528977038775338,0.464863106099074
"1188",1.41706001249986,4.69819741410902
"1189",-1.92182819253503,4.69180521729868
"1190",4.38535209977999,-3.23416437782726
"1191",4.79527866045828,2.1978277028029
"1192",9.16473440211121,0.226584195297619
"1193",5.10741420133854,-4.23556209654635
"1194",0.442824896454113,-3.9742530708827
"1195",-4.97535224389139,1.71612452002591
"1196",2.77165724681254,8.46937143360265
"1197",-1.15963109736185,4.22200191125739
"1198",4.58282738964044,-9.68792879597459
"1199",3.52657470190024,-5.63845638393104
"1200",5.26268981728208,-4.54414823536354
"1201",1.00927443279943,-6.58672997240501
"1202",9.36238894424605,-7.77105239048979
"1203",7.33991557925037,-5.82185923551151
"1204",-0.480757610421279,4.9847670595409
"1205",7.65004255346867,0.52631670187111
"1206",2.12018842212274,-7.87120726232388
"1207",-5.13883852596337,-7.5619381127035
"1208",3.12731707410421,-3.89993256965681
"1209",-0.630786163237644,5.28542029787786
"1210",-4.29711868768209,2.98931725163129
"1211",7.70348695547,0.186950844654348
"1212",7.74545666328777,-5.999190465227
"1213",8.78647465011454,-1.04167780038551
"1214",5.65051202385803,-2.55527984147193
"1215",4.54874898739945,7.98631403456966
"1216",9.34892755780311,-6.28437507926719
"1217",5.90492861916573,-5.16389751370298
"1218",2.92627957176592,-7.89451946558984
"1219",1.39307081230072,3.7469301141391
"1220",5.68374807189684,0.312423900504655
"1221",-1.99604005079891,-7.26216144856153
"1222",-2.28576884208451,-5.24283967220981
"1223",9.33127475829679,-1.14692270824889
"1224",8.32907788411831,-9.69308717452805
"1225",8.64699494431989,0.324172557448037
"1226",2.75739320277353,-0.00353181498212507
"1227",-1.81206790963188,-9.49384373645444
"1228",-1.48559980563732,6.56444309075596
"1229",0.184734695067164,-6.95248369098408
"1230",-0.320812463614857,-7.43998981339246
"1231",-4.96727561636362,6.31041845328582
"1232",-2.18322779826849,-3.67290971043985
"1233",-1.09294508420135,6.8683496745507
"1234",8.16610316476726,-2.69907943493308
"1235",1.76041916831309,-8.14580497783027
"1236",-1.19426117431431,-8.92415451169654
"1237",-0.813821178380749,-6.54080060397973
"1238",5.45354923116975,-4.56456560277729
"1239",8.6395731029188,-8.06360826292803
"1240",1.48066822624969,4.22795383074117
"1241",-1.85097738412878,-2.91000987224834
"1242",3.20418511346361,-3.23897058962757
"1243",0.0251216645847308,-7.88174946254003
"1244",-1.57357817974116,-6.54151135004213
"1245",1.34889281900541,1.60334602838702
"1246",-6.74499562323035,-1.10638365076738
"1247",-0.842891514439543,-7.17739139960031
"1248",7.24406510384142,-8.56302133721329
"1249",2.99505964820128,7.24844831667724
"1250",1.09137251754873,-6.78651875081414
"1251",1.44256719846453,6.17882581609592
"1252",-6.13340796484408,-1.69012666279741
"1253",2.65498639018915,-7.32511332465947
"1254",5.42497125155933,-4.58671484921069
"1255",3.60643530515517,-4.20326777617447
"1256",9.35199132345588,6.56186561489449
"1257",-2.7283556972543,-9.50269142478646
"1258",3.26664460942993,-5.43843894010934
"1259",-6.49844338317052,-2.98047865057015
"1260",7.04620307347795,0.777828420505102
"1261",8.74064854899189,-1.04251917244255
"1262",8.92121073589806,-6.56137172569288
"1263",1.1429959662928,0.766432115451607
"1264",2.50905833672732,9.77094192268851
"1265",6.70887578529801,-0.813412637799047
"1266",2.22484052275831,9.47032163498079
"1267",4.18528561662242,3.29052996850805
"1268",9.11889304978104,0.574206806013535
"1269",4.08069239088945,-5.59725637180236
"1270",6.51085557405167,-2.23357572973327
"1271",4.76079899777687,8.06925613371277
"1272",2.83215148632735,5.86934043632937
"1273",9.73122182414954,-6.97307315975195
"1274",3.8410429783471,-3.83859292658599
"1275",-1.53530816529383,0.816247482362087
"1276",2.96196094772313,-8.96419402015454
"1277",-0.733544890463236,-9.77927289055515
"1278",9.79384274822223,1.66941980500269
"1279",-4.99111549321242,2.09669085430505
"1280",2.0485361746978,-7.91855466402922
"1281",4.2754164460348,-0.713321187395195
"1282",9.47789777594153,5.37346733301092
"1283",0.84746559998166,3.84068563322217
"1284",1.46467481932632,3.11189511012344
"1285",-2.80267757843831,9.66546402363747
"1286",2.99230402910325,-7.40059119667421
"1287",-2.10322291008197,4.30267242343689
"1288",-7.19364293319813,3.5172279976905
"1289",7.72757904975151,-2.76719728495664
"1290",-1.12732299348863,1.38883049021388
"1291",4.29830336841405,-0.157648016356688
"1292",1.5182753890258,-1.72535669011268
"1293",9.86076474677247,-7.25993562555232
"1294",5.85684185934952,-2.6905337556309
"1295",-8.69581273174845,4.50864007823839
"1296",9.08896978013217,-2.92755586902786
"1297",-0.524310454602528,-8.06257297372213
"1298",7.837231561316,5.61934290544741
"1299",2.91769599625695,-7.39510495426657
"1300",0.883608493786596,9.36603214857314
"1301",3.63313596441003,-8.56907394008886
"1302",9.42775478659314,4.79540490308864
"1303",0.466845076807658,-5.92027081456763
"1304",-1.846678941547,2.48880706181808
"1305",-3.78865754795697,3.51286578545114
"1306",2.84171475203038,-6.94613321964425
"1307",0.0332353527483065,-5.49424851305957
"1308",4.64470376595273,-0.840655525571492
"1309",2.35198723396024,7.07937917057279
"1310",-9.47108642732928,4.47991411372641
"1311",9.63335615568212,0.666455012906226
"1312",8.74793829003465,1.01678863102279
"1313",7.36401714770182,0.453761854259938
"1314",6.95780060152174,1.57573835302173
"1315",4.20115996817913,-6.7957495857263
"1316",-7.33423255460366,4.34330094351026
"1317",-5.77075313623936,2.89725863825879
"1318",1.0862536514469,0.334615706815384
"1319",-3.21566588674614,-5.90790774971538
"1320",-4.06692372253019,-4.57350640397635
"1321",9.41734738185914,6.29074567052157
"1322",9.64656184914929,-1.04348690863844
"1323",3.53750708454754,6.93356818519533
"1324",4.21189018619771,-4.37091119954857
"1325",-2.38331920972996,8.54710617870296
"1326",-9.87697039978229,-2.77597114923992
"1327",4.2580734378862,-0.959469866611471
"1328",-1.07823804668442,-7.65458066431165
"1329",5.35816631792841,0.619340302728233
"1330",3.37457873622043,9.92472891368379
"1331",8.19027330595418,-2.68823235466698
"1332",9.67572309509706,-2.03027756535448
"1333",3.91493559196533,5.08794845864031
"1334",7.05472238074435,-6.21917412201583
"1335",-7.93249657603155,8.9792296680389
"1336",5.4172751221995,-6.33656577650981
"1337",-5.27200053369597,-9.14904692352138
"1338",6.77313208212581,2.54505194054218
"1339",2.17241587051831,-7.91211131778255
"1340",8.18599408132286,-2.90317361865164
"1341",3.7289081459312,-5.46205035123421
"1342",-1.60863437740772,-8.03100742959941
"1343",5.88370783229038,-5.59483095283213
"1344",8.62408649511053,2.57214325862151
"1345",1.1768034817942,1.73565777829936
"1346",7.52385019401117,-4.66206857796351
"1347",6.79820099056087,5.29248347396788
"1348",9.86574953825766,-2.80135952369164
"1349",5.04558546439512,4.32984088707599
"1350",9.3083125638077,1.1678733906956
"1351",9.14825776813814,-6.4511772775586
"1352",3.23441967484541,-7.53505447588395
"1353",-2.74744715028646,5.70797267206217
"1354",5.4894167481325,2.36524755382561
"1355",8.65619191161386,1.74358353058778
"1356",1.38464776890032,-5.74190733368596
"1357",2.73273030503333,-0.198197748504754
"1358",8.95935470838594,0.741037755542493
"1359",9.20320524430281,-3.08484020268224
"1360",9.87413308845134,-1.34026067204104
"1361",2.18260546502279,4.1142181437317
"1362",-1.52577493288845,5.26426284530316
"1363",8.54416677349946,2.43042469384818
"1364",4.48694492311915,-3.38127595277911
"1365",-4.3145971337799,-2.98206080078671
"1366",3.16875410924695,-9.61118452796654
"1367",3.4576640504747,-0.924590393005928
"1368",3.74101868314028,7.00957871875289
"1369",-1.23721023450344,-8.82826297522115
"1370",5.53464374235773,-1.98574360834755
"1371",2.98445378368342,-2.78239350802323
"1372",9.45120527285326,0.676609909678518
"1373",8.86417822373915,-5.93688226264931
"1374",2.09468548244331,-7.47716142457648
"1375",2.68987710820511,-9.1988864468658
"1376",-2.30032248615316,4.82763861724379
"1377",4.06843621276494,-5.00189081267308
"1378",1.22011547846341,0.634092549444176
"1379",1.61314778633823,-6.31401163889677
"1380",7.78709925638395,1.09739607974916
"1381",5.19535648949386,-9.69322045450099
"1382",-0.0338177587036625,-4.7081488067488
"1383",-0.182163625649991,6.42064780338842
"1384",1.63894897690625,0.575367322708189
"1385",-0.785804631959763,4.2414915973859
"1386",3.75197676876269,-1.26246756532055
"1387",-0.0879227985933539,4.33559207318467
"1388",2.09620804787846,-8.06822113914677
"1389",2.55211598785536,-7.85128353010805
"1390",-3.30842335173656,-4.83055596909253
"1391",-0.605771528025798,-1.21189866826171
"1392",-8.742620198027,1.68775537793408
"1393",9.92224402758438,-1.6981004662739
"1394",1.14560916106711,-5.4953954843586
"1395",-3.13831976211077,-6.10762086816976
"1396",-1.25786317865277,-6.33855575688358
"1397",-2.14751037729002,4.37723275241297
"1398",5.00202907714993,1.10058720671077
"1399",-4.12505442527618,3.94384499399166
"1400",9.16720019740751,-4.77035856165458
"1401",6.42758361482265,-5.21146076127479
"1402",3.07959842633863,-9.24193119277334
"1403",1.85553330353287,2.36360598337342
"1404",3.60526840780949,-1.81746550835669
"1405",0.0996790090721333,9.59484077757224
"1406",9.27537565607054,-2.02901773707708
"1407",-7.87929605692625,-5.86349583172705
"1408",-7.10182557413646,2.23820867555332
"1409",1.11265601881314,5.57639581827971
"1410",-2.82746393593698,5.24598656342278
"1411",9.04928847270639,-1.96604887478316
"1412",2.91975652628025,-7.9036196666857
"1413",-0.406389622803545,-7.41086838272167
"1414",-4.34850748202734,-4.83624329153827
"1415",6.54970638173836,-4.08386038026947
"1416",-1.739168139502,-4.51341521962604
"1417",0.541578406737244,-7.02847823431512
"1418",3.69776637791801,-9.12981291192409
"1419",2.76994066753105,5.54018715225538
"1420",7.94982610044826,4.35632423796051
"1421",3.63896507147729,-4.44011473264254
"1422",2.02299894011958,-6.16000478657952
"1423",3.39832889378158,-6.89898226028163
"1424",0.657259168438031,-5.77203759086842
"1425",2.86867466969852,-7.48474339761742
"1426",5.04315043875977,6.83591841177986
"1427",2.51607854035683,-9.66535789688351
"1428",9.55855143063673,-3.44362312855083
"1429",3.16625592367927,-4.96397867820633
"1430",-0.392209713427292,5.40944263113488
"1431",3.39988838721183,-0.399166215065634
"1432",3.52109355211724,-5.81143984476512
"1433",1.84311173503374,7.93987237910187
"1434",-0.91045090877742,-8.8173200172605
"1435",6.55990164581453,4.9381361910855
"1436",9.0863732512662,-1.92400450414425
"1437",-3.62234358351998,-2.73052744581946
"1438",5.95461075296043,-2.88806386452052
"1439",1.57468811936269,-8.03964293038007
"1440",7.89239393903699,-4.85871176661021
"1441",3.0498459537921,-6.68311372526659
"1442",-1.97974496182724,-5.19200977058063
"1443",8.02215434647223,-2.94012585916789
"1444",-2.06982029976643,-4.91191395591159
"1445",3.00068226442818,-3.8575000898345
"1446",-3.52814982528798,-6.80733337096171
"1447",2.08109882292774,-7.41762402310997
"1448",9.77185352283414,0.106213951366954
"1449",8.32273330721364,-8.85710460046539
"1450",4.96733650936221,-0.0397441826135037
"1451",3.56122309578495,-3.21112221772637
"1452",-3.61742188695644,-3.87810731750506
"1453",-3.41201336104859,-0.29632336441864
"1454",6.87626455841382,0.40130757548468
"1455",-0.841300731008232,6.42838318035501
"1456",0.720278046101157,-7.57711221576756
"1457",9.36828744161176,2.19867606221669
"1458",5.34244999951625,-9.96283163040061
"1459",9.80985330610565,-5.29201191166067
"1460",-7.88559899156098,-4.36699420348305
"1461",-2.46174864470959,-3.97413443159166
"1462",-0.473581773840124,-7.15537564799888
"1463",8.89198302444129,-0.707388315931894
"1464",8.23481040879415,9.85547936230432
"1465",6.06957499963755,-4.93772662965057
"1466",6.42057238328562,-5.87576418780372
"1467",7.95274118256202,-4.13347411504219
"1468",-3.25952211736876,1.742405451987
"1469",1.85099047630501,-7.8332016947752
"1470",3.84763484849827,0.0291210252180463
"1471",9.25061105666828,-7.72018774143362
"1472",9.01016903146228,-5.62131786064128
"1473",6.73045103845652,7.04118933830614
"1474",6.57681100710761,-3.51476804662525
"1475",-3.98551472440886,-7.07394022399967
"1476",2.54095860174857,7.72660700931738
"1477",4.30926760280272,0.299219269691093
"1478",-8.61655795590195,4.31896054480603
"1479",1.61363194827572,6.35424251591758
"1480",-2.87334001001,-7.07162313705339
"1481",1.09711312528816,-6.75734132266371
"1482",3.0908554378766,-5.8835391694447
"1483",9.35729742759577,6.89363973808213
"1484",-0.434176927992667,-7.08184732819063
"1485",8.59136497998406,-0.5869434631677
"1486",9.7782298470338,-1.70887299209426
"1487",-0.961477026212378,-4.24115242803964
"1488",4.99599303100695,7.43923819940392
"1489",4.50873484518524,-7.10561254174536
"1490",9.96321592028835,-1.00259730435937
"1491",8.7753277579759,-2.66304795517499
"1492",3.41043071453896,6.32611642849952
"1493",2.70524725310679,-6.21642787304154
"1494",5.33465989869001,7.23644157656963
"1495",4.67619359664241,-3.75634114898276
"1496",-1.93701985524967,3.51393578868738
"1497",4.01891821409663,9.8228930465848
"1498",9.6037550820256,-4.39149589583394
"1499",5.38748082202801,6.31217900408956
"1500",7.62116426176362,-4.12876316255279
"1501",4.37177139436244,-0.814331305373344
"1502",-4.97854411358276,3.64439364962891
"1503",-6.13025648912298,1.54302659851965
"1504",0.540416132425889,-6.52906108047318
"1505",-1.91697151232802,-8.74371076144598
"1506",7.44048122091044,7.49307296835468
"1507",-1.28085390682827,-9.8099106425434
"1508",7.35470719588193,-4.71304353752203
"1509",-3.56072140319156,3.36482227146917
"1510",2.36601180353318,-7.29312868832494
"1511",1.71233732238761,3.9195601981919
"1512",3.56360055942787,-2.24078822135198
"1513",-6.5546316079417,0.368793326961168
"1514",4.7667483989062,-6.29170327934844
"1515",3.16919564451382,8.97390108180844
"1516",7.95920551045128,-4.07894491072511
"1517",9.59344253518793,-0.823215152340708
"1518",-1.66199004044756,-5.89607153891848
"1519",6.42623004696361,-1.61320149723906
"1520",3.68321968755481,-8.66347523235163
"1521",9.37044981903455,-9.34782464155433
"1522",0.592870161126484,-9.9675782333361
"1523",6.25019062896172,2.7577143975941
"1524",6.06508325145114,5.00554567224754
"1525",9.59243784182036,8.42905417295697
"1526",-0.14772841535887,-7.5790298730135
"1527",8.57486012206209,-2.43758220491145
"1528",-0.276025615348772,-2.31755756092753
"1529",2.45042884514987,-5.91909196820779
"1530",5.73578230851126,6.22964904865512
"1531",0.357521340010862,-6.27532302769396
"1532",-5.82365670394211,-9.5927452673277
"1533",-0.0992373834378668,6.116532934102
"1534",3.02569126099115,3.96772768894152
"1535",3.27529132504424,-7.65084545764694
"1536",3.94649372075946,7.50821243822429
"1537",9.84897706675838,-2.45325596388284
"1538",1.09161543678056,-4.32225116568588
"1539",-1.67315424154367,5.03788821100898
"1540",3.68602747006662,9.30458544644353
"1541",7.64439704362303,9.26112735014613
"1542",4.71608665779058,-0.338505042927864
"1543",3.07158804567734,-1.67269766690879
"1544",2.29276840040257,9.33114910858421
"1545",-8.65010712197545,4.6473156176944
"1546",7.11400226111436,-1.82245991763921
"1547",-2.49710779015004,3.62260956535465
"1548",-1.35682087198802,-5.53209761023027
"1549",7.41806033627654,-9.46037495643395
"1550",0.890375445487734,-6.85694995903759
"1551",9.35470176926174,-1.83565313916915
"1552",9.80702733973885,-0.926538699059165
"1553",-1.28952124225179,5.12195341649203
"1554",-5.7416976615059,3.19782899630809
"1555",3.83565080683184,-3.90214556922729
"1556",7.27628217453457,-5.47426061017177
"1557",8.27224654083693,9.42933697679109
"1558",2.87741839292721,5.23829092140659
"1559",-0.695190986734815,-7.02767089078407
"1560",9.24787768934038,2.85382604339247
"1561",1.49643525277497,-5.65340553650458
"1562",-3.82398957346595,5.06741282457369
"1563",-5.42630346193619,2.65331593036535
"1564",2.64600854035962,-4.04326406609471
"1565",-5.94002145353443,-3.91459956874314
"1566",1.83866777068033,-7.90027501574514
"1567",0.387590252103109,-6.80312599655736
"1568",-5.40950224891276,-5.26776031114423
"1569",-9.9584615871936,-2.44262782802252
"1570",-5.12978199512872,-9.41213983194757
"1571",-2.13539889457024,-5.88841685621446
"1572",-4.59858136378898,0.44640390737186
"1573",-2.38893495476077,3.29956445519201
"1574",-6.52374760484236,4.71463477791985
"1575",3.68138160316448,1.15868625525763
"1576",-2.01337579514075,-6.37393701246765
"1577",0.787000316740887,2.19398755180009
"1578",9.92614770802902,-2.30003405013122
"1579",-0.0154403172564344,-8.9066302683932
"1580",8.62215864362952,-0.6765570036805
"1581",8.91544296715438,-7.38410402384034
"1582",-4.7354695397371,2.98117123227712
"1583",-3.23020646010264,6.94863743749011
"1584",-2.13104515180021,-7.91543036251824
"1585",9.58666193331737,-1.62222432252747
"1586",-6.79294907542499,4.03896538260597
"1587",-4.07333737664885,-3.84013584203785
"1588",1.73237049304589,1.74697582242516
"1589",8.95337688958534,-2.15178520127665
"1590",-0.959277228830615,-5.00099473498267
"1591",2.05633865123673,-7.18927418340172
"1592",-1.70919263142423,0.851373785735632
"1593",0.810016742907465,-5.64091281383298
"1594",-1.72219958705682,-4.46458505579358
"1595",-2.41718860575929,2.890690790191
"1596",2.0229929461857,6.55492213634716
"1597",4.92826514495391,5.40881174380047
"1598",6.04968882984394,-0.674792415120464
"1599",-1.35661296291801,-7.60985862871166
"1600",8.95917532834574,-7.83545897898875
"1601",6.20521832177474,8.9885865895485
"1602",-8.34407550613832,-3.74857633883948
"1603",9.17129461900913,-0.576879252039362
"1604",9.89542744540813,-6.35480503919098
"1605",-1.15673549946223,-4.90744633243594
"1606",9.79405329115252,-1.93280428389698
"1607",-1.06217408683733,9.36473293822928
"1608",-1.05148171518522,2.0142120523451
"1609",8.19827574166993,5.38586827715335
"1610",6.77093249742029,-5.83168781897257
"1611",-7.43182019468804,-1.01230999189283
"1612",2.2675827227431,-7.06699736267183
"1613",6.23834642970905,4.06266660105757
"1614",4.36245228782354,-8.58749968909251
"1615",8.5103891163817,-6.34107484296692
"1616",7.9310883542712,-0.29819542360201
"1617",7.61429205776949,-1.39470954152785
"1618",1.20938051710255,0.0987378266290762
"1619",3.3994971042921,6.45330991235824
"1620",7.14713732995733,-3.99711266145459
"1621",9.78946352166531,0.786680862183857
"1622",9.88859459692321,-7.37470835061686
"1623",4.75621218407468,-5.5888168112142
"1624",-3.51232550332497,3.82174328857218
"1625",5.08267425691884,4.94684800025425
"1626",2.95689844231674,-7.32749260911078
"1627",4.7601654221944,6.93546280799637
"1628",1.88494846261165,-7.37375116470503
"1629",-9.91088162219967,-3.22748896294797
"1630",-5.04853224589169,3.20494775012776
"1631",5.38668475455779,-5.03825060040981
"1632",5.27426395467046,-4.49821739523031
"1633",8.90034700398246,2.64034237305168
"1634",4.07505959290575,-9.02477291674586
"1635",-3.51288886231487,-8.07201208455808
"1636",9.43989509250969,-3.89323722964036
"1637",9.52379949649185,1.36541242274689
"1638",7.60563550928055,-0.02284206879267
"1639",5.06145721308712,-8.70053218557587
"1640",7.4662680262918,-9.72443827224197
"1641",3.2030149183629,-9.22682116859505
"1642",2.55813990512252,-8.50227064242063
"1643",8.65494714180386,-8.14999752328731
"1644",4.32750320327614,-5.95693864099303
"1645",-1.85082196338044,9.33247639717592
"1646",0.417773866465723,-8.42718345251342
"1647",-7.46993504519196,-3.76667056189035
"1648",8.72021739200136,-9.32454747722659
"1649",-6.13801295818121,2.21881911769742
"1650",2.76384630920802,-6.07210424546793
"1651",9.41741441558406,-3.79144307509705
"1652",7.01556755539059,-4.64265108723339
"1653",4.33799226360861,-4.03614455357456
"1654",4.12971481906425,3.11086472320312
"1655",1.5934419432233,1.62715274127549
"1656",1.04669833817752,-2.90014030859311
"1657",3.91412516484706,-4.14969744801056
"1658",6.13390660666482,-6.07075293522939
"1659",-2.82549883449974,-6.94417837370565
"1660",8.40972428417444,-0.189761113251734
"1661",7.00813887713593,1.60217976699641
"1662",-2.26102971853834,8.21319340277114
"1663",2.93901241660933,-9.46658023280179
"1664",7.7422280081737,-7.11895348267717
"1665",-7.34546365616552,-6.00021335070778
"1666",-7.20804679753201,3.95183203225315
"1667",2.71417813502921,4.92154363601003
"1668",2.68661534024432,-9.80488243505533
"1669",7.99369064436178,9.87153186379146
"1670",-3.66199921958469,9.3847876001746
"1671",-1.98984332473628,-4.32399920879107
"1672",-0.504669969777751,-6.41948688720731
"1673",1.86281674210477,2.12100850676507
"1674",8.52036376280012,-2.81305774573411
"1675",-3.26404656963859,2.46296210723813
"1676",3.78426156035857,-1.57740236627433
"1677",9.75663648077898,-0.6970022927635
"1678",-0.022308822190098,0.442355440463871
"1679",2.6084953010286,-7.95978536498296
"1680",2.0314240298103,-9.3325513234231
"1681",9.43488697190332,-0.741410302907752
"1682",1.27518939989386,-7.43577413864841
"1683",8.88221681634604,-4.98794536015339
"1684",-3.00100757685868,2.33864718582481
"1685",9.53226249544969,-2.54233063427819
"1686",-2.65318431902415,5.81333279242244
"1687",-2.64930160057702,-4.98180123886414
"1688",2.76882929927524,2.17302891192958
"1689",-8.12804812801915,2.66850195283041
"1690",7.75484503243206,-5.73549863722292
"1691",9.53758188621578,-2.52075232605421
"1692",-2.49862500109884,5.37487323406822
"1693",6.3893091058344,2.54584678703395
"1694",0.203720486242673,-6.68489403095009
"1695",8.03224465846142,-0.759794252808206
"1696",1.2838062677838,0.81223854507698
"1697",1.18099284889468,-5.43978657336993
"1698",9.39018860812212,0.179925330885453
"1699",-2.3407210550431,5.04612414617441
"1700",1.40898817295238,-7.85743986794841
"1701",6.36063511832617,-5.86019848688011
"1702",-0.345329672345542,-9.19516005720652
"1703",-5.95939276307035,2.00073659827467
"1704",1.41391444994952,0.168811672738229
"1705",1.20870001301228,1.82065933920967
"1706",3.5331793941441,-3.06512131377531
"1707",2.48871650750516,-6.78536707753665
"1708",7.80378574498172,3.76836672341597
"1709",5.47882939863484,3.87018266475934
"1710",-0.468389735797246,-8.3744391406799
"1711",7.29907455879584,9.17350378429546
"1712",8.37980672091362,2.54563610393234
"1713",-4.92248293892771,-4.95896472733875
"1714",9.23422579176986,-3.22891373765742
"1715",4.04021237187408,-8.11310018583754
"1716",8.04247254200163,8.6130543840045
"1717",5.94319431460463,-3.44705298397457
"1718",0.304602285468718,9.05347764819453
"1719",0.416925677309337,-7.29142408257758
"1720",4.6741293049854,-1.09019063107553
"1721",0.833487295603845,-6.70784188143443
"1722",-2.35577796465805,-9.71335614653071
"1723",8.78073314692301,0.170716610118689
"1724",-4.44733116684802,-0.462109438412881
"1725",2.47696161815838,6.86126067776058
"1726",9.20907664924016,1.72241671236407
"1727",5.28961725824047,-2.16105688294192
"1728",3.94602442378527,-4.52100853657612
"1729",3.42422881705716,-3.91226232204644
"1730",-6.65140869616152,6.73021169463027
"1731",7.77933976427448,3.21565232272405
"1732",-0.288051869283663,-0.0694513701819233
"1733",6.96684442740661,5.27181327619473
"1734",6.95466301218403,-5.31180076697638
"1735",4.70294617072796,1.28691909725603
"1736",4.43444308002654,-5.55852220870293
"1737",9.62412809829402,-0.989907635703275
"1738",4.81842251017952,-6.44135763446684
"1739",9.59061327041127,-3.7830325228424
"1740",-8.36099434134667,4.32762209744396
"1741",9.29923380008404,0.982312041851401
"1742",1.13025052378362,-5.98382228647097
"1743",-0.393160632847867,-0.294917317187355
"1744",-3.00728978298139,4.61740767481388
"1745",0.0155027098298888,-6.70491899221815
"1746",6.66290386623587,-3.96868812538742
"1747",9.7606770391576,-1.24607822897815
"1748",1.32566335803858,-6.0761916094998
"1749",6.56878981855698,-2.09026896387513
"1750",1.57053302555141,-7.54130783967412
"1751",4.37366195212235,0.0873202030197717
"1752",3.51444958811044,-9.74752289806929
"1753",3.3993351997924,-8.48288286430034
"1754",-0.665572927027824,-6.80965238741919
"1755",5.76206505444134,-9.50485466022656
"1756",4.87439520260523,-5.28907444968354
"1757",-2.07687768481264,-6.70628931955434
"1758",9.53446753963362,-4.29327187968738
"1759",5.77549595014716,9.43516846695275
"1760",9.97916949392675,-2.68366223026533
"1761",0.48300717749953,1.76646794254339
"1762",3.84384347416926,-2.68214784489828
"1763",1.0845818859525,-8.60943105759361
"1764",3.58703640795284,-9.67818629938847
"1765",8.51974195033108,-2.18027780261764
"1766",6.94768971730809,-3.01935516614321
"1767",-0.0812057800794719,9.45936439398793
"1768",1.63971341313299,4.47792919698259
"1769",-3.1289377822759,-4.42479306231689
"1770",4.6482610914245,0.00794159073848277
"1771",0.216545193325146,1.68854113919224
"1772",9.86044428045716,-1.64885263086035
"1773",5.44686431683658,-6.31550735135534
"1774",7.5229674203365,-6.24328116711695
"1775",-2.66593681521044,-9.86420228604402
"1776",4.95803448338847,8.0747616379449
"1777",3.05575924034201,4.06769957382494
"1778",-9.43087776518951,5.15393216741359
"1779",-2.48239800195734,-9.87139391079836
"1780",-6.01631534002081,1.93989162031357
"1781",6.11454320340272,-2.36211736420955
"1782",6.90059467207902,-3.31097345941089
"1783",0.476818716088019,-6.14868434844539
"1784",3.57181826086162,0.883614234808192
"1785",2.49978582789481,-7.62070800807123
"1786",3.84012220176373,-8.89474753850664
"1787",9.54180120734236,-2.58027849537029
"1788",1.86086593141226,-7.86345874905237
"1789",9.43018434292753,6.79987132851238
"1790",-3.34526291866496,0.932489968035952
"1791",3.18144333599776,-2.11758081943117
"1792",9.27839825380943,-1.23218929758877
"1793",5.34214645314933,-5.65000350463379
"1794",1.65029153453361,8.88885220629163
"1795",7.23801180491137,4.29913129115448
"1796",3.09383645933849,-5.68946550585679
"1797",2.22367861410021,8.34040968802583
"1798",-0.2267702438985,7.83691558441205
"1799",6.67917146773107,-1.66017217034096
"1800",2.99776810759795,9.92940677540901
"1801",4.37001439877349,-5.76728032629035
"1802",-1.60223596452852,4.46928721386939
"1803",5.60524920139869,-8.08453432593524
"1804",3.54599144448002,-7.99325274485454
"1805",-3.35977826656745,-8.5798043433897
"1806",-7.7685213202858,-0.308177339429676
"1807",2.26554578825017,-7.75323357775051
"1808",5.9719003574719,9.81157518774125
"1809",6.35636481267284,-3.37013831558579
"1810",9.15380184316746,6.00960586485598
"1811",9.16609052586864,-2.18770198109269
"1812",9.57671805790596,-0.242035676856176
"1813",-2.54414380797243,0.563151980386465
"1814",3.82805112869391,-1.98277127343317
"1815",2.25364700017963,-7.37566760024492
"1816",-0.923434218784678,7.72742407545593
"1817",4.87796304401854,0.568046156986384
"1818",6.59701822409261,-3.34297872319439
"1819",3.36095214257512,-0.154550017432484
"1820",-1.45386178330227,4.54310117558634
"1821",-1.59676064664382,9.95281512481597
"1822",4.37602854399302,-5.97678677582735
"1823",8.48034614617063,0.726898679204169
"1824",4.27259682182921,-0.0718300872904365
"1825",9.6922234637168,-2.18554229857546
"1826",2.52390984405793,-0.954405705851968
"1827",0.308757127131685,3.68755087489262
"1828",5.8931884577396,-5.00747448091715
"1829",9.77008005989774,-1.0902471474401
"1830",-3.3821753473967,3.17337588992814
"1831",5.69625067957531,4.48962593731267
"1832",6.43839443382603,-2.7454074252455
"1833",0.940277140107355,0.86001399475208
"1834",9.76755983108887,-0.961427394395287
"1835",7.95196186285466,-0.313581507471099
"1836",2.83160228907946,-6.69793755514547
"1837",-1.08651237602317,-9.22905076509778
"1838",-5.63761125740712,0.490272010138142
"1839",4.63265822436369,7.13405455113389
"1840",9.05980004601588,-2.06051583230874
"1841",7.37599682241125,-5.56657733493921
"1842",-3.42717768289731,-7.23149739766086
"1843",-0.923547233360296,-3.68645074388041
"1844",2.59794044020964,-5.07460698496288
"1845",7.99220263357711,3.33417966190609
"1846",9.38810798688792,-1.43802597405738
"1847",2.28498616394063,-8.27444256734452
"1848",2.06714293915866,-6.69754152193491
"1849",-3.95924073327478,4.0892395812989
"1850",-0.439198292951914,1.57401973057858
"1851",-1.05771322410874,-1.79138554347446
"1852",-7.82654294376698,3.93619082751684
"1853",0.724594940184033,-6.29143989681324
"1854",-1.95402656081569,4.69072165073158
"1855",7.36983814727864,-5.51532226578274
"1856",-0.887423453277734,9.62525846545759
"1857",1.31813584390329,1.16792796034133
"1858",-2.79142948431399,-2.87419057804073
"1859",7.61419760019635,-4.2597395478515
"1860",1.84134338964213,0.495251398097025
"1861",5.31544460736768,-2.05219752857374
"1862",1.98983289657917,-6.7887288759448
"1863",4.12091800815688,9.33309110201662
"1864",4.56059330655989,-9.52224388562172
"1865",-4.21566442702897,3.3258035592371
"1866",1.7474780309567,-5.40086301516567
"1867",-4.31613327298692,-9.78089044085209
"1868",-4.52625770445593,2.25899298911827
"1869",9.16969630827225,-1.93226649971621
"1870",3.69747436812759,9.16443918486038
"1871",8.94610382521932,-5.05702952174033
"1872",8.66670300907572,-4.41934618607775
"1873",-8.60585806036397,3.90036516175314
"1874",-1.96943102444493,-8.63342685228417
"1875",6.4610786780031,3.81481445067038
"1876",-1.03324254443578,-6.15160157660284
"1877",9.96622344788193,0.958077331997629
"1878",8.36729333157564,-5.15271655527613
"1879",4.54913374767784,-3.44771138206852
"1880",-5.71671983660053,3.74684655984311
"1881",-3.53021599687054,-0.552656189647678
"1882",3.37791508642113,-9.5499854292575
"1883",3.27849340996181,-9.05752058140934
"1884",1.09153856588819,4.41472390419221
"1885",4.28927982353343,-1.17454162151262
"1886",0.589597054276965,-7.52881291176891
"1887",2.62851836479967,-6.87621699787996
"1888",8.45486912967317,2.30457846388163
"1889",1.93679762833199,0.147972011836828
"1890",5.30356074210431,-4.51369634571165
"1891",-1.79691636138159,-5.43014033719373
"1892",-2.17799671205285,-9.00462053923548
"1893",8.57108061034523,-4.47179498809419
"1894",2.23292661808955,-6.58812441721238
"1895",0.594803811109159,8.95786799272173
"1896",2.73801984956663,-0.459140347666107
"1897",-2.35902349530079,0.392543899106386
"1898",9.82989622843888,1.86427355387423
"1899",5.7405379561169,-1.75466157375922
"1900",5.35346878881683,-1.48599966600159
"1901",-9.45307708432665,-2.409167408332
"1902",2.63634732327773,-7.06145740077773
"1903",-4.46093616545113,2.16399548789923
"1904",6.06361207192094,-4.04593251565529
"1905",1.67425375650055,-7.91289146141935
"1906",3.18797230920609,-7.21689900106867
"1907",-2.1918098833703,-7.75987701395934
"1908",7.58431988411758,-5.09071861324628
"1909",2.58775906426308,0.142743394426361
"1910",7.52294220139447,-4.10889458187739
"1911",0.337170855200384,5.0665034263875
"1912",1.32411915164994,0.837025758810341
"1913",9.54101214880211,-2.77025327392039
"1914",-2.41804055585817,-7.36877646078938
"1915",-0.808069486010936,-8.77549993609136
"1916",-4.24498791075166,3.2926997150571
"1917",-1.96494621184684,-5.68296073197416
"1918",2.04508399292536,-6.10179727951618
"1919",0.631459180331149,7.84651970574487
"1920",8.07325443278387,-4.83241547972284
"1921",-0.631395734963007,-5.35476483833918
"1922",-1.61911198589223,-9.09800197739969
"1923",-0.266588896120084,4.43851738004014
"1924",-0.325979962362908,5.47507417995803
"1925",-9.34105993303092,-5.46283331826999
"1926",-4.44350834372017,-4.76062334571907
"1927",4.34143953432795,-4.23521118285862
"1928",1.46695147770515,-5.75137959374842
"1929",-2.66265741207462,-4.75713035095396
"1930",5.29067982559354,4.59639509037515
"1931",4.64190780119679,0.692313093022676
"1932",9.24728464131476,-3.47193441954005
"1933",-1.65391014765191,-9.51378440309782
"1934",9.24156383021909,-1.1962421582939
"1935",1.79542239897273,-4.44503057053225
"1936",8.8195590671603,-0.925226283688971
"1937",9.98902077499224,1.572346789726
"1938",5.03067534718866,3.19242835041223
"1939",-5.62604118957097,-4.3242074018417
"1940",2.88542092439457,-9.46066362928832
"1941",8.4244999395014,2.06600281890132
"1942",9.66224870364385,-4.44438147318579
"1943",-4.67432723762613,-4.07106994272908
"1944",3.015383233178,-7.35752448927087
"1945",2.50843793837703,1.2518526050917
"1946",3.6530719296934,-4.23894086645305
"1947",-8.53084228863736,5.72690787776082
"1948",2.21677080200607,6.39484467363218
"1949",8.32894373532326,-4.92239043538575
"1950",-4.47400497647322,-2.4871661555153
"1951",7.29998649909248,-7.55635001361952
"1952",9.19558896075614,-2.37778456776141
"1953",6.04446830242523,-9.92525545279932
"1954",4.01324533719162,-0.632026099701761
