<?xml version="1.0" encoding="UTF-8"?>
<metadata xml:lang="en"><Esri><CreaDate>20201202</CreaDate><CreaTime>15261900</CreaTime><ArcGISFormat>1.0</ArcGISFormat><SyncOnce>TRUE</SyncOnce><DataProperties><lineage><Process ToolSource="c:\program files (x86)\arcgis\desktop10.7\ArcToolbox\Toolboxes\Data Management Tools.tbx\CalculateField" Date="20201202" Time="152619">CalculateField Hennepin_County_Racial_Covenants City "ST. LOUIS PARK" VB #</Process><Process ToolSource="c:\program files (x86)\arcgis\desktop10.7\ArcToolbox\Toolboxes\Data Management Tools.tbx\CalculateField" Date="20201202" Time="152938">CalculateField Hennepin_County_Racial_Covenants Workflow "Zooniverse -- Torrens" VB #</Process></lineage></DataProperties></Esri></metadata>
